1	QLever		  56438	      	Count= 6 	200		podcast_data Q123523609
2	QLever		    557	      	Count= 19 	200		podcast_listings Q123523609
3	QLever		    659	      	Count= 0 	200		podcast_recent-episodes Q123523609
4	QLever		      6	      	Count= 0 	200		podcast_seasons Q123523609
5	QLever		      7	      	Result=20 	200		podcast_topics Q123523609
6	QLever		  55380	      	Count= 6 	200		podcast_data Q124262264
7	QLever		    477	      	Count= 3 	200		podcast_listings Q124262264
8	QLever		    624	      	Result=2022-03-27T00:00:00Z 	200		podcast_recent-episodes Q124262264
9	QLever		      4	      	Count= 4 	200		podcast_seasons Q124262264
10	QLever		      8	      	Result=20 	200		podcast_topics Q124262264
11	QLever		  55595	      	Count= 5 	200		podcast_data Q124368193
12	QLever		    488	      	Count= 2 	200		podcast_listings Q124368193
13	QLever		    616	      	Count= 4 	200		podcast_recent-episodes Q124368193
14	QLever		      4	      	Count= 4 	200		podcast_seasons Q124368193
15	QLever		      9	      	Count= 6 	200		podcast_topics Q124368193
16	QLever		  63810	      	Count= 5 	200		podcast_data Q64023922
17	QLever		    501	      	Count= 11 	200		podcast_listings Q64023922
18	QLever		    629	      	Count= 19 	200		podcast_recent-episodes Q64023922
19	QLever		      4	      	Result=Q83146620 	200		podcast_seasons Q64023922
20	QLever		     11	      	Count= 5 	200		podcast_topics Q64023922
21	QLever		  68186	      	Count= 6 	200		podcast_data Q98690261
22	QLever		    488	      	Count= 3 	200		podcast_listings Q98690261
23	QLever		    623	      	Count= 3 	200		podcast_recent-episodes Q98690261
24	QLever		      5	      	Count= 2 	200		podcast_seasons Q98690261
25	QLever		     13	      	Count= 8 	200		podcast_topics Q98690261
