1	QLever	COUNTED	    244	      	Result=6 	200		
2	QLever	COUNTED	    138	      	Result=16 	200		
3	QLever	COUNTED	   3728	      	Result=412 	200		
4	QLever	COUNTED	     51	      	Result=64 	200		
5	QLever	COUNTED	    111	      	Result=41 	200		
6	QLever	COUNTED	     31	      	Result=39 	200		
7	QLever	COUNTED	   1134	      	Result=83 	200		
8	QLever	COUNTED	    112	      	Result=7 	200		
9	QLever	COUNTED	    109	      	Result=6 	200		
10	QLever	COUNTED	    112	      	Result=65 	200		
11	QLever	COUNTED	    150	      	Result=45233377 	200		
12	QLever	COUNTED	    106	      	Result=5 	200		
13	QLever	COUNTED	    106	      	Result=6 	200		
14	QLever	COUNTED	    110	      	Result=6 	200		
15	QLever	COUNTED	    114	      	Result=6 	200		
16	QLever	COUNTED	    105	      	Result=6 	200		
17	QLever	COUNTED	    106	      	Result=6 	200		
18	QLever	COUNTED	    106	      	Result=6 	200		
19	QLever	COUNTED	    107	      	Result=6 	200		
20	QLever	COUNTED	    106	      	Result=6 	200		
21	QLever	COUNTED	    272	      	Result=29 	200		
22	QLever	COUNTED	    106	      	Result=8 	200		
23	QLever	COUNTED	    109	      	Result=5 	200		
24	QLever	COUNTED	    150	      	Result=75 	200		
25	QLever	COUNTED	    113	      	Result=7 	200		
26	QLever	COUNTED	    112	      	Result=8 	200		
27	QLever	COUNTED	    105	      	Result=4 	200		
28	QLever	COUNTED	    107	      	Result=5 	200		
29	QLever	COUNTED	    110	      	Result=5 	200		
30	QLever	COUNTED	    106	      	Result=1 	200		
31	QLever	COUNTED	    112	      	Result=6 	200		
32	QLever	COUNTED	    110	      	Result=4 	200		
33	QLever	COUNTED	    106	      	Result=5 	200		
34	QLever	COUNTED	    112	      	Result=9 	200		
35	QLever	COUNTED	    112	      	Result=6 	200		
36	QLever	COUNTED	    111	      	Result=6 	200		
37	QLever	COUNTED	    109	      	Result=6 	200		
38	QLever	COUNTED	   3275	      	Result=143 	200		
39	QLever	COUNTED	    107	      	Result=5 	200		
40	QLever	COUNTED	    106	      	Result=6 	200		
41	QLever	COUNTED	    105	      	Result=8 	200		
42	QLever	COUNTED	    108	      	Result=5 	200		
43	QLever	COUNTED	    108	      	Result=8 	200		
44	QLever	COUNTED	    109	      	Result=8 	200		
45	QLever	COUNTED	    111	      	Result=8 	200		
46	QLever	COUNTED	    106	      	Result=8 	200		
47	QLever	COUNTED	    105	      	Result=8 	200		
48	QLever	COUNTED	    107	      	Result=7 	200		
49	QLever	COUNTED	    110	      	Result=5 	200		
50	QLever	COUNTED	    109	      	Result=5 	200		
51	QLever	COUNTED	    109	      	Result=5 	200		
52	QLever	COUNTED	    107	      	Result=5 	200		
53	QLever	COUNTED	    109	      	Result=5 	200		
54	QLever	COUNTED	    109	      	Result=5 	200		
55	QLever	COUNTED	    105	      	Result=5 	200		
56	QLever	COUNTED	    109	      	Result=5 	200		
57	QLever	COUNTED	    112	      	Result=5 	200		
58	QLever	COUNTED	   3432	      	Result=450 	200		
59	QLever	COUNTED	     50	      	Result=63 	200		
60	QLever	COUNTED	    112	      	Result=40 	200		
61	QLever	COUNTED	     31	      	Result=38 	200		
62	QLever	COUNTED	    291	      	Result=397100 	200		
63	QLever	COUNTED	    163	      	Result=3 	200		
64	QLever	COUNTED	    109	      	Result=198 	200		
65	QLever	COUNTED	    111	      	Result=6 	200		
66	QLever	COUNTED	    111	      	Result=6 	200		
67	QLever	COUNTED	  12306	      	Result=489489 	200		
68	QLever	COUNTED	    116	      	Result=4 	200		
69	QLever	COUNTED	    108	      	Result=4 	200		
70	QLever	COUNTED	    114	      	Result=4 	200		
71	QLever	COUNTED	    112	      	Result=4 	200		
72	QLever	COUNTED	    122	      	Result=44412 	200		
73	QLever	COUNTED	    118	      	Result=60 	200		
74	QLever	COUNTED	    112	      	Result=6 	200		
75	QLever	COUNTED	    108	      	Result=6 	200		
76	QLever	COUNTED	    111	      	Result=6 	200		
77	QLever	COUNTED	    111	      	Result=6 	200		
78	QLever	COUNTED	    111	      	Result=6 	200		
79	QLever	COUNTED	    110	      	Result=5 	200		
80	QLever	COUNTED	    107	      	Result=5 	200		
81	QLever	COUNTED	     24	      	Result=0 	200		
82	QLever	COUNTED	   2129	      	Result=373 	200		
83	QLever	COUNTED	    108	      	Result=5 	200		
84	QLever	COUNTED	    109	      	Result=44 	200		
85	QLever	COUNTED	    109	      	Result=6 	200		
86	QLever	COUNTED	    108	      	Result=7 	200		
87	QLever	COUNTED	    109	      	Result=8 	200		
88	QLever	COUNTED	    108	      	Result=8 	200		
89	QLever	COUNTED	    109	      	Result=7 	200		
90	QLever	COUNTED	    107	      	Result=6 	200		
91	QLever	COUNTED	    112	      	Result=3 	200		
92	QLever	COUNTED	    111	      	Result=6 	200		
93	QLever	COUNTED	    417	      	Result=103 	200		
94	QLever	COUNTED	    262	      	Result=103 	200		
95	QLever	COUNTED	    208	      	Result=93 	200		
96	QLever	COUNTED	    113	      	Result=5 	200		
97	QLever	COUNTED	    261	      	Result=0 	200		
98	QLever	COUNTED	    109	      	Result=0 	200		
99	QLever	COUNTED	    107	      	Result=4 	200		
100	QLever	COUNTED	    109	      	Result=58 	200		
101	QLever	COUNTED	    404	      	Result=20 	200		
102	QLever	COUNTED	    122	      	Result=49014 	200		
103	QLever	COUNTED	    111	      	Result=5 	200		
104	QLever	COUNTED	    921	      	Result=0 	200		
105	QLever	COUNTED	    754	      	Result=0 	200		
106	QLever	COUNTED	   2127	      	Result=373 	200		
107	QLever	COUNTED	    112	      	Result=5 	200		
108	QLever	COUNTED	    108	      	Result=70 	200		
109	QLever	COUNTED	    111	      	Result=5 	200		
110	QLever	COUNTED	    111	      	Result=3 	200		
111	QLever	COUNTED	    108	      	Result=6 	200		
112	QLever	COUNTED	    109	      	Result=5 	200		
113	QLever	COUNTED	    108	      	Result=5 	200		
114	QLever	COUNTED	  64142	      	None 	500	ERROR: Tried to allocate 68.7 GB, but only 38.9 GB were available	
115	QLever	COUNTED	  33586	      	Result=32180 	200		
116	QLever	COUNTED	   2977	      	Result=2325790 	200		
117	QLever	COUNTED	  23191	      	Result=926 	200		
118	QLever	COUNTED	   7623	      	Result=2 	200		
119	QLever	COUNTED	    277	      	Result=70583898 	200		
120	QLever	COUNTED	  20728	      	Result=23292524 	200		
121	QLever	COUNTED	    146	      	Result=8886284 	200		
122	QLever	COUNTED	   8153	      	Result=2 	200		
123	QLever	COUNTED	   2442	      	Result=12 	200		
124	QLever	COUNTED	  21950	      	Result=126848368 	200		
125	QLever	COUNTED	   1572	      	Result=39870 	200		
126	QLever	COUNTED	   1866	      	Result=12643202 	200		
127	QLever	COUNTED	   1605	      	Result=522547 	200		
128	QLever	COUNTED	    310	      	Result=399 	200		
129	QLever	COUNTED	 188826	      	Result=413184122 	200		
130	QLever	COUNTED	    214	      	Result=87458 	200		
131	QLever	COUNTED	 600068	      	None 	429	ERROR: Operation timed out. Last operation: GroupBy (implicit)	
132	QLever	COUNTED	 600205	      	None 	429	ERROR: Operation timed out. Last operation: TransitivePath ?_QLever_internal_variable_qp_2 <http://www.wikidata.org/prop/direct/P279> ?_QLever_internal_variable_qp_1	
133	QLever	COUNTED	  34297	      	Result=15677648 	200		
134	QLever	COUNTED	  13557	      	Result=218614526 	200		
135	QLever	COUNTED	    118	      	Result=7440162 	200		
136	QLever	COUNTED	    289	      	Result=30643972 	200		
137	QLever	COUNTED	   3176	      	Result=5304624 	200		
138	QLever	COUNTED	    419	      	Result=449689 	200		
139	QLever	COUNTED	    120	      	Result=40922 	200		
140	QLever	COUNTED	    695	      	Result=1135166 	200		
141	QLever	COUNTED	    883	      	Result=195851 	200		
142	QLever	COUNTED	 600034	      	None 	429	ERROR: Operation timed out. Last operation: GroupBy (implicit)	
143	QLever	COUNTED	    386	      	Result=117380 	200		
144	QLever	COUNTED	  94639	      	Result=77082962 	200		
145	QLever	COUNTED	   5569	      	Result=8914 	200		
146	QLever	COUNTED	    104	      	Result=53979 	200		
147	QLever	COUNTED	    236	      	Result=6233 	200		
148	QLever	COUNTED	    166	      	Result=24313 	200		
149	QLever	COUNTED	     36	      	Result=61617 	200		
150	QLever	COUNTED	     36	      	Result=58280 	200		
151	QLever	COUNTED	     85	      	Result=4273202 	200		
152	QLever	COUNTED	 600351	      	None 	429	ERROR: Operation timed out. Last operation: TransitivePath ?_QLever_internal_variable_qp_0 <http://www.wikidata.org/prop/direct/P22> ?x1	
153	QLever	COUNTED	 600136	      	None 	429	ERROR: Operation timed out. Last operation: GroupBy (implicit)	
154	QLever	COUNTED	   1634	      	Result=693989 	200		
155	QLever	COUNTED	    411	      	Result=1588348 	200		
156	QLever	COUNTED	    313	      	Result=21420255 	200		
157	QLever	COUNTED	  16051	      	Result=189484 	200		
158	QLever	COUNTED	   1696	      	Result=828 	200		
159	QLever	COUNTED	     90	      	Result=392 	200		
160	QLever	COUNTED	    100	      	Result=36206 	200		
161	QLever	COUNTED	    653	      	Result=903752 	200		
162	QLever	COUNTED	    260	      	Result=423864 	200		
163	QLever	COUNTED	     94	      	Result=14661 	200		
164	QLever	COUNTED	     91	      	Result=9 	200		
165	QLever	COUNTED	     87	      	Result=22 	200		
166	QLever	COUNTED	     94	      	Result=2368 	200		
167	QLever	COUNTED	     88	      	Result=4 	200		
168	QLever	COUNTED	    984	      	Result=1345588 	200		
169	QLever	COUNTED	   3606	      	Result=4463021 	200		
170	QLever	COUNTED	    190	      	Result=237823 	200		
171	QLever	COUNTED	    102	      	Result=54041 	200		
172	QLever	COUNTED	     90	      	Result=42 	200		
173	QLever	COUNTED	     90	      	Result=2376 	200		
174	QLever	COUNTED	     99	      	Result=5536 	200		
175	QLever	COUNTED	     90	      	Result=12 	200		
176	QLever	COUNTED	     96	      	Result=27 	200		
177	QLever	COUNTED	     90	      	Result=1 	200		
178	QLever	COUNTED	     91	      	Result=6521 	200		
179	QLever	COUNTED	    105	      	Result=19061 	200		
180	QLever	COUNTED	     91	      	Result=7 	200		
181	QLever	COUNTED	    225	      	Result=15441 	200		
182	QLever	COUNTED	    427	      	Result=991973 	200		
183	QLever	COUNTED	    902	      	Result=3216608 	200		
184	QLever	COUNTED	    704	      	Result=2696476 	200		
185	QLever	COUNTED	  12346	      	Result=12616188 	200		
186	QLever	COUNTED	   3321	      	Result=15599146 	200		
187	QLever	COUNTED	    231	      	Result=30 	200		
188	QLever	COUNTED	 600064	      	None 	429	ERROR: Operation timed out. Last operation: GroupBy (implicit)	
189	QLever	COUNTED	  16010	      	Result=21568426 	200		
190	QLever	COUNTED	    218	      	Result=794 	200		
191	QLever	COUNTED	    277	      	Result=338546 	200		
192	QLever	COUNTED	    220	      	Result=12770 	200		
193	QLever	COUNTED	  12423	      	Result=12615754 	200		
194	QLever	COUNTED	    181	      	Result=18017 	200		
195	QLever	COUNTED	    272	      	Result=12631071 	200		
196	QLever	COUNTED	    782	      	Result=2227595 	200		
197	QLever	COUNTED	 600002	      	None 	429	ERROR: Operation timed out. Last operation: GroupBy (implicit)	
198	QLever	COUNTED	 152614	      	Result=45414 	200		
199	QLever	COUNTED	 144067	      	Result=1 	200		
200	QLever	COUNTED	    710	      	Result=6124952 	200		
201	QLever	COUNTED	 200151	      	Result=2 	200		
202	QLever	COUNTED	 301108	      	Result=521184198 	200		
203	QLever	COUNTED	    623	      	Result=6106186 	200		
204	QLever	COUNTED	   1310	      	Result=531 	200		
205	QLever	COUNTED	  15868	      	Result=12830110 	200		
206	QLever	COUNTED	    764	      	Result=1258521 	200		
207	QLever	COUNTED	 121381	      	Result=115709150 	200		
208	QLever	COUNTED	 624118	      	None 	429	ERROR: Operation timed out. Last operation: GroupBy (implicit)	
209	QLever	COUNTED	    426	      	Result=22191 	200		
210	QLever	COUNTED	   2010	      	Result=1255 	200		
211	QLever	COUNTED	     76	      	Result=1825990 	200		
212	QLever	COUNTED	  32804	      	Result=70356348 	200		
213	QLever	COUNTED	   5342	      	Result=23905 	200		
214	QLever	COUNTED	  14526	      	Result=74721168 	200		
215	QLever	COUNTED	     76	      	Result=2654112 	200		
216	QLever	COUNTED	 431119	      	None 	500	ERROR: Tried to allocate 68.7 GB, but only 34.7 GB were available	
217	QLever	COUNTED	   2942	      	Result=3242996 	200		
218	QLever	COUNTED	    223	      	Result=122230 	200		
219	QLever	COUNTED	    126	      	Result=67309 	200		
220	QLever	COUNTED	    563	      	Result=882436 	200		
221	QLever	COUNTED	    176	      	Result=234184 	200		
222	QLever	COUNTED	    133	      	Result=0 	200		
223	QLever	COUNTED	    126	      	Result=183633 	200		
224	QLever	COUNTED	    141	      	Result=1416577 	200		
225	QLever	COUNTED	    137	      	Result=820865 	200		
226	QLever	COUNTED	    149	      	Result=637515 	200		
227	QLever	COUNTED	    135	      	Result=199874 	200		
228	QLever	COUNTED	    146	      	Result=6459825 	200		
229	QLever	COUNTED	    142	      	Result=639251 	200		
230	QLever	COUNTED	    136	      	Result=28274 	200		
231	QLever	COUNTED	    156	      	Result=1004598 	200		
232	QLever	COUNTED	 119822	      	Result=901895870 	200		
233	QLever	COUNTED	     48	      	Result=277807 	200		
234	QLever	COUNTED	     40	      	Result=340833 	200		
235	QLever	COUNTED	    198	      	Result=16223 	200		
236	QLever	COUNTED	    110	      	Result=1972 	200		
237	QLever	COUNTED	    111	      	Result=2738 	200		
238	QLever	COUNTED	    110	      	Result=1106 	200		
239	QLever	COUNTED	    110	      	Result=1352 	200		
240	QLever	COUNTED	    114	      	Result=26078 	200		
241	QLever	COUNTED	    123	      	Result=59158 	200		
242	QLever	COUNTED	    136	      	Result=93827 	200		
243	QLever	COUNTED	    139	      	Result=154655 	200		
244	QLever	COUNTED	    114	      	Result=6165 	200		
245	QLever	COUNTED	    114	      	Result=3380 	200		
246	QLever	COUNTED	    134	      	Result=168400 	200		
247	QLever	COUNTED	    136	      	Result=137485 	200		
248	QLever	COUNTED	    122	      	Result=45304 	200		
249	QLever	COUNTED	    710	      	Result=903377 	200		
250	QLever	COUNTED	    588	      	Result=790812 	200		
251	QLever	COUNTED	    113	      	Result=12827 	200		
252	QLever	COUNTED	    110	      	Result=250 	200		
253	QLever	COUNTED	    817	      	Result=1134779 	200		
254	QLever	COUNTED	    121	      	Result=55315 	200		
255	QLever	COUNTED	    120	      	Result=29700 	200		
256	QLever	COUNTED	    221	      	Result=350111 	200		
257	QLever	COUNTED	    341	      	Result=560119 	200		
258	QLever	COUNTED	    111	      	Result=334 	200		
259	QLever	COUNTED	    267	      	Result=452743 	200		
260	QLever	COUNTED	    127	      	Result=74236 	200		
261	QLever	COUNTED	    114	      	Result=1051 	200		
262	QLever	COUNTED	    112	      	Result=907 	200		
263	QLever	COUNTED	    113	      	Result=8134 	200		
264	QLever	COUNTED	    126	      	Result=22800 	200		
265	QLever	COUNTED	    304	      	Result=439333 	200		
266	QLever	COUNTED	   1026	      	Result=1345375 	200		
267	QLever	COUNTED	    112	      	Result=4839 	200		
268	QLever	COUNTED	    113	      	Result=97 	200		
269	QLever	COUNTED	    113	      	Result=2945 	200		
270	QLever	COUNTED	    111	      	Result=617 	200		
271	QLever	COUNTED	    115	      	Result=1602 	200		
272	QLever	COUNTED	    110	      	Result=896 	200		
273	QLever	COUNTED	    110	      	Result=22165 	200		
274	QLever	COUNTED	    117	      	Result=19067 	200		
275	QLever	COUNTED	    253	      	Result=378434 	200		
276	QLever	COUNTED	    142	      	Result=145897 	200		
277	QLever	COUNTED	    114	      	Result=5 	200		
278	QLever	COUNTED	    118	      	Result=17723 	200		
279	QLever	COUNTED	    116	      	Result=12317 	200		
280	QLever	COUNTED	    114	      	Result=2077 	200		
281	QLever	COUNTED	    119	      	Result=18747 	200		
282	QLever	COUNTED	    124	      	Result=44068 	200		
283	QLever	COUNTED	    113	      	Result=11164 	200		
284	QLever	COUNTED	    114	      	Result=1800 	200		
285	QLever	COUNTED	    121	      	Result=12363 	200		
286	QLever	COUNTED	    115	      	Result=32403 	200		
287	QLever	COUNTED	    112	      	Result=3010 	200		
288	QLever	COUNTED	    125	      	Result=45339 	200		
289	QLever	COUNTED	    111	      	Result=4038 	200		
290	QLever	COUNTED	 600038	      	None 	429	ERROR: Operation timed out. Last operation: GroupBy (implicit)	
291	QLever	COUNTED	     50	      	Result=93826 	200		
292	QLever	COUNTED	     27	      	Result=17177 	200		
293	QLever	COUNTED	     25	      	Result=18377 	200		
294	QLever	COUNTED	     23	      	Result=6164 	200		
295	QLever	COUNTED	     33	      	Result=45303 	200		
296	QLever	COUNTED	    522	      	Result=903376 	200		
297	QLever	COUNTED	     25	      	Result=2804 	200		
298	QLever	COUNTED	     26	      	Result=14659 	200		
299	QLever	COUNTED	     28	      	Result=16683 	200		
300	QLever	COUNTED	     47	      	Result=141135 	200		
301	QLever	COUNTED	     25	      	Result=19009 	200		
302	QLever	COUNTED	     49	      	Result=140759 	200		
303	QLever	COUNTED	     24	      	Result=1826 	200		
304	QLever	COUNTED	    159	      	Result=398092 	200		
305	QLever	COUNTED	     33	      	Result=45338 	200		
306	QLever	COUNTED	     42	      	Result=78205 	200		
307	QLever	COUNTED	  47136	      	Result=294 	200		
308	QLever	COUNTED	 600037	      	None 	429	ERROR: Operation timed out. Last operation: GroupBy (implicit)	
309	QLever	COUNTED	    184	      	Result=52193 	200		
310	QLever	COUNTED	    185	      	Result=161703 	200		
311	QLever	COUNTED	    891	      	Result=1174727 	200		
312	QLever	COUNTED	    142	      	Result=76931 	200		
313	QLever	COUNTED	    251	      	Result=316439 	200		
314	QLever	COUNTED	    439	      	Result=334983 	200		
315	QLever	COUNTED	    904	      	Result=280406 	200		
316	QLever	COUNTED	     41	      	Result=3024 	200		
317	QLever	COUNTED	    122	      	Result=67243658 	200		
318	QLever	COUNTED	     48	      	Result=14242 	200		
319	QLever	COUNTED	 600035	      	None 	429	ERROR: Operation timed out. Last operation: GroupBy (implicit)	
320	QLever	COUNTED	    130	      	Result=1 	200		
321	QLever	COUNTED	     78	      	Result=6694596 	200		
322	QLever	COUNTED	   4263	      	Result=1897274 	200		
323	QLever	COUNTED	    137	      	Result=100 	200		
324	QLever	COUNTED	    135	      	Result=929 	200		
325	QLever	COUNTED	    967	      	Result=1429698 	200		
326	QLever	COUNTED	    114	      	Result=117 	200		
327	QLever	COUNTED	    112	      	Result=358 	200		
328	QLever	COUNTED	    111	      	Result=864 	200		
329	QLever	COUNTED	    107	      	Result=387 	200		
330	QLever	COUNTED	    108	      	Result=120 	200		
331	QLever	COUNTED	    110	      	Result=1121 	200		
332	QLever	COUNTED	    119	      	Result=210 	200		
333	QLever	COUNTED	    106	      	Result=128 	200		
334	QLever	COUNTED	    191	      	Result=345984 	200		
335	QLever	COUNTED	    109	      	Result=582 	200		
336	QLever	COUNTED	    111	      	Result=459 	200		
337	QLever	COUNTED	    111	      	Result=250 	200		
338	QLever	COUNTED	   1755	      	Result=2325790 	200		
339	QLever	COUNTED	    683	      	Result=1070404 	200		
340	QLever	COUNTED	    114	      	Result=261 	200		
341	QLever	COUNTED	 600042	      	None 	429	ERROR: Operation timed out. Last operation: GroupBy (implicit)	
342	QLever	COUNTED	     34	      	Result=34794 	200		
343	QLever	COUNTED	     26	      	Result=15945 	200		
344	QLever	COUNTED	     23	      	Result=4273 	200		
345	QLever	COUNTED	     32	      	Result=36507 	200		
346	QLever	COUNTED	    635	      	Result=1070403 	200		
347	QLever	COUNTED	     89	      	Result=7868774 	200		
348	QLever	COUNTED	     39	      	Result=79 	200		
349	QLever	COUNTED	     96	      	Result=7875072 	200		
350	QLever	COUNTED	    671	      	Result=1189144 	200		
351	QLever	COUNTED	    763	      	Result=1364495 	200		
352	QLever	COUNTED	 600037	      	None 	429	ERROR: Operation timed out. Last operation: GroupBy (implicit)	
353	QLever	COUNTED	    560	      	Result=1024842 	200		
354	QLever	COUNTED	    758	      	Result=1364495 	200		
355	QLever	COUNTED	    270	      	Result=582547 	200		
356	QLever	COUNTED	     50	      	Result=19043564 	200		
357	QLever	COUNTED	     36	      	Result=2510142 	200		
358	QLever	COUNTED	     55	      	Result=44439698 	200		
359	QLever	COUNTED	    137	      	Result=295 	200		
360	QLever	COUNTED	    131	      	Result=12367 	200		
361	QLever	COUNTED	    178	      	Result=26906 	200		
362	QLever	COUNTED	    141	      	Result=2096 	200		
363	QLever	COUNTED	    156	      	Result=7466420 	200		
364	QLever	COUNTED	     59	      	Result=5854474 	200		
365	QLever	COUNTED	    137	      	Result=57 	200		
366	QLever	COUNTED	 190530	      	Result=1088594126 	200		
367	QLever	COUNTED	    128	      	Result=1071 	200		
368	QLever	COUNTED	    110	      	Result=7560 	200		
369	QLever	COUNTED	    162	      	Result=136088 	200		
370	QLever	COUNTED	    100	      	Result=4153 	200		
371	QLever	COUNTED	    119	      	Result=30995 	200		
372	QLever	COUNTED	    109	      	Result=392 	200		
373	QLever	COUNTED	    109	      	Result=4796 	200		
374	QLever	COUNTED	   1004	      	Result=190 	200		
375	QLever	COUNTED	    112	      	Result=499 	200		
376	QLever	COUNTED	    106	      	Result=1668 	200		
377	QLever	COUNTED	    111	      	Result=6 	200		
378	QLever	COUNTED	    111	      	Result=60 	200		
379	QLever	COUNTED	    119	      	Result=385 	200		
380	QLever	COUNTED	    112	      	Result=5050 	200		
381	QLever	COUNTED	    110	      	Result=1906 	200		
382	QLever	COUNTED	    109	      	Result=1018 	200		
383	QLever	COUNTED	    108	      	Result=57 	200		
384	QLever	COUNTED	    106	      	Result=852 	200		
385	QLever	COUNTED	    110	      	Result=1380 	200		
386	QLever	COUNTED	    110	      	Result=391 	200		
387	QLever	COUNTED	    123	      	Result=57848 	200		
388	QLever	COUNTED	    112	      	Result=8338 	200		
389	QLever	COUNTED	    110	      	Result=6132 	200		
390	QLever	COUNTED	    113	      	Result=154 	200		
391	QLever	COUNTED	    114	      	Result=5429 	200		
392	QLever	COUNTED	   3519	      	Result=4375401 	200		
393	QLever	COUNTED	    124	      	Result=144 	200		
394	QLever	COUNTED	    125	      	Result=81536 	200		
395	QLever	COUNTED	   3365	      	Result=4186471 	200		
396	QLever	COUNTED	    100	      	Result=248 	200		
397	QLever	COUNTED	    122	      	Result=7295 	200		
398	QLever	COUNTED	    368	      	Result=2069 	200		
399	QLever	COUNTED	    118	      	Result=42003 	200		
400	QLever	COUNTED	    150	      	Result=191336 	200		
401	QLever	COUNTED	    119	      	Result=826 	200		
402	QLever	COUNTED	    109	      	Result=50 	200		
403	QLever	COUNTED	    114	      	Result=17132 	200		
404	QLever	COUNTED	    110	      	Result=2817 	200		
405	QLever	COUNTED	 600041	      	None 	429	ERROR: Operation timed out. Last operation: GroupBy (implicit)	
406	QLever	COUNTED	 600042	      	None 	429	ERROR: Operation timed out. Last operation: GroupBy (implicit)	
407	QLever	COUNTED	     39	      	Result=1597 	200		
408	QLever	COUNTED	   1848	      	Result=2725989 	200		
409	QLever	COUNTED	     41	      	Result=66217 	200		
410	QLever	COUNTED	   1547	      	Result=2378795 	200		
411	QLever	COUNTED	   3461	      	Result=4375400 	200		
412	QLever	COUNTED	     23	      	Result=2892 	200		
413	QLever	COUNTED	   3354	      	Result=4186470 	200		
414	QLever	COUNTED	     35	      	Result=872 	200		
415	QLever	COUNTED	     49	      	Result=42002 	200		
416	QLever	COUNTED	     23	      	Result=0 	200		
417	QLever	COUNTED	     25	      	Result=6879 	200		
418	QLever	COUNTED	     23	      	Result=2786 	200		
419	QLever	COUNTED	  28298	      	Result=322 	200		
420	QLever	COUNTED	  49552	      	Result=280339368 	200		
421	QLever	COUNTED	   1926	      	Result=2373542 	200		
422	QLever	COUNTED	    331	      	Result=251549484 	200		
423	QLever	COUNTED	    155	      	Result=37457 	200		
424	QLever	COUNTED	    319	      	Result=108823 	200		
425	QLever	COUNTED	    161	      	Result=63329 	200		
426	QLever	COUNTED	    115	      	Result=24382 	200		
427	QLever	COUNTED	    219	      	Result=385087 	200		
428	QLever	COUNTED	   3116	      	Result=3814905 	200		
429	QLever	COUNTED	    125	      	Result=392 	200		
430	QLever	COUNTED	    109	      	Result=5925 	200		
431	QLever	COUNTED	    109	      	Result=0 	200		
432	QLever	COUNTED	    135	      	Result=152325 	200		
433	QLever	COUNTED	    112	      	Result=207 	200		
434	QLever	COUNTED	    110	      	Result=13080 	200		
435	QLever	COUNTED	    123	      	Result=47519 	200		
436	QLever	COUNTED	    117	      	Result=13991 	200		
437	QLever	COUNTED	    117	      	Result=16221 	200		
438	QLever	COUNTED	    114	      	Result=17892 	200		
439	QLever	COUNTED	   1220	      	Result=1523649 	200		
440	QLever	COUNTED	    128	      	Result=46167 	200		
441	QLever	COUNTED	    114	      	Result=9347 	200		
442	QLever	COUNTED	    113	      	Result=4 	200		
443	QLever	COUNTED	  12412	      	Result=12613927 	200		
444	QLever	COUNTED	    124	      	Result=223 	200		
445	QLever	COUNTED	    187	      	Result=216257 	200		
446	QLever	COUNTED	    128	      	Result=0 	200		
447	QLever	COUNTED	 600035	      	None 	429	ERROR: Operation timed out. Last operation: GroupBy (implicit)	
448	QLever	COUNTED	     95	      	Result=262253 	200		
449	QLever	COUNTED	    204	      	Result=577675 	200		
450	QLever	COUNTED	 600042	      	None 	429	ERROR: Operation timed out. Last operation: GroupBy (implicit)	
451	QLever	COUNTED	 498528	      	Result=241246764 	200		
452	QLever	COUNTED	    167	      	Result=517952 	200		
453	QLever	COUNTED	    157	      	Result=727250 	200		
454	QLever	COUNTED	    142	      	Result=146083 	200		
455	QLever	COUNTED	    133	      	Result=825 	200		
456	QLever	COUNTED	    140	      	Result=6005 	200		
457	QLever	COUNTED	    140	      	Result=268708 	200		
458	QLever	COUNTED	    153	      	Result=1165664 	200		
459	QLever	COUNTED	    157	      	Result=1065291 	200		
460	QLever	COUNTED	    150	      	Result=197614 	200		
461	QLever	COUNTED	    156	      	Result=428894 	200		
462	QLever	COUNTED	    154	      	Result=151498 	200		
463	QLever	COUNTED	    183	      	Result=460116 	200		
464	QLever	COUNTED	    180	      	Result=49357590 	200		
465	QLever	COUNTED	    132	      	Result=293 	200		
466	QLever	COUNTED	    144	      	Result=340 	200		
467	QLever	COUNTED	    126	      	Result=82934 	200		
468	QLever	COUNTED	    136	      	Result=90241 	200		
469	QLever	COUNTED	    123	      	Result=30642 	200		
470	QLever	COUNTED	    137	      	Result=34703 	200		
471	QLever	COUNTED	    133	      	Result=28814 	200		
472	QLever	COUNTED	    154	      	Result=45601291 	200		
473	QLever	COUNTED	    144	      	Result=709826 	200		
474	QLever	COUNTED	    132	      	Result=797 	200		
475	QLever	COUNTED	    134	      	Result=41198 	200		
476	QLever	COUNTED	    135	      	Result=8201 	200		
477	QLever	COUNTED	    178	      	Result=989359 	200		
478	QLever	COUNTED	    133	      	Result=9636 	200		
479	QLever	COUNTED	    139	      	Result=227386 	200		
480	QLever	COUNTED	    134	      	Result=1687532 	200		
481	QLever	COUNTED	    128	      	Result=0 	200		
482	QLever	COUNTED	    119	      	Result=1645 	200		
483	QLever	COUNTED	    157	      	Result=3563896 	200		
484	QLever	COUNTED	    171	      	Result=34 	200		
485	QLever	COUNTED	    141	      	Result=34627 	200		
486	QLever	COUNTED	    137	      	Result=4260138 	200		
487	QLever	COUNTED	    164	      	Result=1445532 	200		
488	QLever	COUNTED	    845	      	Result=11614963 	200		
489	QLever	COUNTED	    138	      	Result=49230 	200		
490	QLever	COUNTED	    130	      	Result=428160 	200		
491	QLever	COUNTED	    135	      	Result=2245894 	200		
492	QLever	COUNTED	    141	      	Result=135102 	200		
493	QLever	COUNTED	    137	      	Result=32817 	200		
494	QLever	COUNTED	    129	      	Result=0 	200		
495	QLever	COUNTED	    137	      	Result=7339 	200		
496	QLever	COUNTED	    132	      	Result=14896 	200		
497	QLever	COUNTED	    130	      	Result=506 	200		
498	QLever	COUNTED	    125	      	Result=9105 	200		
499	QLever	COUNTED	    131	      	Result=844 	200		
500	QLever	COUNTED	    132	      	Result=243959 	200		
501	QLever	COUNTED	    133	      	Result=32371 	200		
502	QLever	COUNTED	    194	      	Result=49735549 	200		
503	QLever	COUNTED	    135	      	Result=144661 	200		
504	QLever	COUNTED	    134	      	Result=210824 	200		
505	QLever	COUNTED	    136	      	Result=14478 	200		
506	QLever	COUNTED	    133	      	Result=5715 	200		
507	QLever	COUNTED	    163	      	Result=18697 	200		
508	QLever	COUNTED	    147	      	Result=546317 	200		
509	QLever	COUNTED	    142	      	Result=842 	200		
510	QLever	COUNTED	    708	      	Result=23381 	200		
511	QLever	COUNTED	    132	      	Result=0 	200		
512	QLever	COUNTED	    164	      	Result=19832 	200		
513	QLever	COUNTED	    144	      	Result=597703 	200		
514	QLever	COUNTED	    166	      	Result=7889730 	200		
515	QLever	COUNTED	   2219	      	Result=35149920 	200		
516	QLever	COUNTED	    140	      	Result=120642 	200		
517	QLever	COUNTED	    143	      	Result=338312 	200		
518	QLever	COUNTED	    134	      	Result=33201 	200		
519	QLever	COUNTED	    123	      	Result=214707 	200		
520	QLever	COUNTED	    235	      	Result=50828864 	200		
521	QLever	COUNTED	    158	      	Result=1422976 	200		
522	QLever	COUNTED	    243	      	Result=21153843 	200		
523	QLever	COUNTED	    145	      	Result=702766 	200		
524	QLever	COUNTED	    143	      	Result=7740 	200		
525	QLever	COUNTED	    131	      	Result=9 	200		
526	QLever	COUNTED	    131	      	Result=14487 	200		
527	QLever	COUNTED	    129	      	Result=46 	200		
528	QLever	COUNTED	    145	      	Result=5683 	200		
529	QLever	COUNTED	    137	      	Result=48 	200		
530	QLever	COUNTED	    130	      	Result=0 	200		
531	QLever	COUNTED	    133	      	Result=4489 	200		
532	QLever	COUNTED	    181	      	Result=663592 	200		
533	QLever	COUNTED	    136	      	Result=485 	200		
534	QLever	COUNTED	    132	      	Result=416 	200		
535	QLever	COUNTED	    164	      	Result=1101005 	200		
536	QLever	COUNTED	    141	      	Result=101119 	200		
537	QLever	COUNTED	    166	      	Result=11434502 	200		
538	QLever	COUNTED	    149	      	Result=872745 	200		
539	QLever	COUNTED	    130	      	Result=27080 	200		
540	QLever	COUNTED	   4074	      	Result=120551154 	200		
541	QLever	COUNTED	    153	      	Result=991476 	200		
542	QLever	COUNTED	    141	      	Result=12785 	200		
543	QLever	COUNTED	    139	      	Result=434 	200		
544	QLever	COUNTED	    136	      	Result=2866 	200		
545	QLever	COUNTED	    375	      	Result=78748819 	200		
546	QLever	COUNTED	    135	      	Result=30083 	200		
547	QLever	COUNTED	    151	      	Result=1277586 	200		
548	QLever	COUNTED	    134	      	Result=23255 	200		
549	QLever	COUNTED	    132	      	Result=60810 	200		
550	QLever	COUNTED	    147	      	Result=512718 	200		
551	QLever	COUNTED	    164	      	Result=3115388 	200		
552	QLever	COUNTED	    194	      	Result=7599883 	200		
553	QLever	COUNTED	    146	      	Result=307672 	200		
554	QLever	COUNTED	    159	      	Result=704512 	200		
555	QLever	COUNTED	    134	      	Result=46191 	200		
556	QLever	COUNTED	    166	      	Result=3212134 	200		
557	QLever	COUNTED	   3945	      	Result=113223690 	200		
558	QLever	COUNTED	    149	      	Result=640990 	200		
559	QLever	COUNTED	    135	      	Result=129 	200		
560	QLever	COUNTED	    135	      	Result=39869 	200		
561	QLever	COUNTED	    145	      	Result=1384654 	200		
562	QLever	COUNTED	    151	      	Result=1474326 	200		
563	QLever	COUNTED	    140	      	Result=97277 	200		
564	QLever	COUNTED	    134	      	Result=4500 	200		
565	QLever	COUNTED	    152	      	Result=2660614 	200		
566	QLever	COUNTED	    144	      	Result=158980 	200		
567	QLever	COUNTED	    133	      	Result=151 	200		
568	QLever	COUNTED	    141	      	Result=71757 	200		
569	QLever	COUNTED	    415	      	Result=12613685 	200		
570	QLever	COUNTED	    170	      	Result=14570792 	200		
571	QLever	COUNTED	    137	      	Result=853 	200		
572	QLever	COUNTED	    137	      	Result=17167 	200		
573	QLever	COUNTED	    881	      	Result=9977569 	200		
574	QLever	COUNTED	    141	      	Result=149356 	200		
575	QLever	COUNTED	    135	      	Result=0 	200		
576	QLever	COUNTED	    135	      	Result=260 	200		
577	QLever	COUNTED	    140	      	Result=5991 	200		
578	QLever	COUNTED	    159	      	Result=12637144 	200		
579	QLever	COUNTED	    156	      	Result=9747611 	200		
580	QLever	COUNTED	    157	      	Result=748646 	200		
581	QLever	COUNTED	   1920	      	Result=1203565 	200		
582	QLever	COUNTED	    169	      	Result=6323163 	200		
583	QLever	COUNTED	    135	      	Result=54587 	200		
584	QLever	COUNTED	    262	      	Result=8415585 	200		
585	QLever	COUNTED	    158	      	Result=7130295 	200		
586	QLever	COUNTED	    156	      	Result=948318 	200		
587	QLever	COUNTED	    140	      	Result=25210 	200		
588	QLever	COUNTED	    148	      	Result=1150804 	200		
589	QLever	COUNTED	    197	      	Result=5026414 	200		
590	QLever	COUNTED	    147	      	Result=323731 	200		
591	QLever	COUNTED	    148	      	Result=522547 	200		
592	QLever	COUNTED	    196	      	Result=981952 	200		
593	QLever	COUNTED	    142	      	Result=113173 	200		
594	QLever	COUNTED	    135	      	Result=122 	200		
595	QLever	COUNTED	    146	      	Result=186363 	200		
596	QLever	COUNTED	    136	      	Result=45910 	200		
597	QLever	COUNTED	    160	      	Result=24254 	200		
598	QLever	COUNTED	    150	      	Result=198143 	200		
599	QLever	COUNTED	    134	      	Result=1888 	200		
600	QLever	COUNTED	    137	      	Result=0 	200		
601	QLever	COUNTED	 600002	      	None 	429	ERROR: Operation timed out. Last operation: GroupBy (implicit)	
602	QLever	COUNTED	    138	      	Result=49350148 	200		
603	QLever	COUNTED	     53	      	Result=142198 	200		
604	QLever	COUNTED	     70	      	Result=17809 	200		
605	QLever	COUNTED	     73	      	Result=7124967 	200		
606	QLever	COUNTED	 600001	      	None 	429	ERROR: Operation timed out. Last operation: GroupBy (implicit)	
607	QLever	COUNTED	    134	      	Result=4294 	200		
608	QLever	COUNTED	    137	      	Result=12613603 	200		
609	QLever	COUNTED	   3528	      	Result=3814959 	200		
610	QLever	COUNTED	     38	      	Result=75554 	200		
611	QLever	COUNTED	     40	      	Result=4837 	200		
612	QLever	COUNTED	     38	      	Result=295558 	200		
613	QLever	COUNTED	     36	      	Result=210059 	200		
614	QLever	COUNTED	     36	      	Result=3786 	200		
615	QLever	COUNTED	     33	      	Result=0 	200		
616	QLever	COUNTED	     37	      	Result=18518 	200		
617	QLever	COUNTED	     44	      	Result=441606 	200		
618	QLever	COUNTED	     39	      	Result=24786 	200		
619	QLever	COUNTED	     41	      	Result=1258768 	200		
620	QLever	COUNTED	     36	      	Result=32836 	200		
621	QLever	COUNTED	    268	      	Result=957018158 	200		
622	QLever	COUNTED	    619	      	Result=136175748 	200		
623	QLever	COUNTED	    270	      	Result=195746472 	200		
624	QLever	COUNTED	    116	      	Result=580500 	200		
625	QLever	COUNTED	    130	      	Result=49128 	200		
626	QLever	COUNTED	    138	      	Result=25227177 	200		
627	QLever	COUNTED	     42	      	Result=43976 	200		
628	QLever	COUNTED	     22	      	Result=117 	200		
629	QLever	COUNTED	     22	      	Result=55 	200		
630	QLever	COUNTED	    340	      	Result=251549484 	200		
631	QLever	COUNTED	    147	      	Result=741 	200		
632	QLever	COUNTED	    112	      	Result=35 	200		
633	QLever	COUNTED	 600041	      	None 	429	ERROR: Operation timed out. Last operation: GroupBy (implicit)	
634	QLever	COUNTED	     25	      	Result=60 	200		
635	QLever	COUNTED	  21881	      	Result=23184580 	200		
636	QLever	COUNTED	     89	      	Result=46998 	200		
637	QLever	COUNTED	    128	      	Result=9 	200		
638	QLever	COUNTED	    114	      	Result=6203 	200		
639	QLever	COUNTED	    113	      	Result=175 	200		
640	QLever	COUNTED	    144	      	Result=44412 	200		
641	QLever	COUNTED	    115	      	Result=1436 	200		
642	QLever	COUNTED	    121	      	Result=49014 	200		
643	QLever	COUNTED	     36	      	Result=44411 	200		
644	QLever	COUNTED	     38	      	Result=49013 	200		
645	QLever	COUNTED	 600113	      	None 	429	ERROR: Operation timed out. Last operation: GroupBy (implicit)	
646	QLever	COUNTED	     67	      	Result=2654112 	200		
647	QLever	COUNTED	    424	      	Result=70278652 	200		
648	QLever	COUNTED	     63	      	Result=3165672 	200		
649	QLever	COUNTED	    145	      	Result=75635 	200		
650	QLever	COUNTED	 600039	      	None 	429	ERROR: Operation timed out. Last operation: GroupBy (implicit)	
651	QLever	COUNTED	    237	      	Result=247 	200		
652	QLever	COUNTED	     57	      	Result=764058 	200		
653	QLever	COUNTED	 600035	      	None 	429	ERROR: Operation timed out. Last operation: GroupBy (implicit)	
654	QLever	COUNTED	    127	      	Result=7871648 	200		
655	QLever	COUNTED	    482	      	Result=7895508 	200		
656	QLever	COUNTED	    142	      	Result=41051 	200		
657	QLever	COUNTED	     54	      	Result=40300 	200		
658	QLever	COUNTED	    111	      	Result=41051 	200		
659	QLever	COUNTED	     53	      	Result=40300 	200		
660	QLever	COUNTED	     21	      	Result=69733508 	200		
