1	QLever		    354	      	Count= 210 	200		
2	QLever		     30	      	Count= 9 	200		
3	QLever		   4415	      	Count= 15547 	200		
4	QLever		    204	      	Count= 53 	200		
5	QLever		   1048	      	Count= 38591 	200		
6	QLever		    357	      	Result=12963142 	200		
7	QLever		    165	      	Count= 611 	200		
8	QLever		    222	      	Count= 628 	200		
9	QLever		   7850	      	Count= 21961 	200		
10	QLever		   3882	      	Count= 36918 	200		
11	QLever		    483	      	Count= 200 	200		
12	QLever		   2841	      	Count= 200 	200		
13	QLever		  44417	      	Count= 10 	200		
14	QLever		    105	      	Count= 36 	200		
15	QLever		1006279	      	Count= 9213663 	200		
16	QLever		     23	      	Count= 358 	200		
17	QLever		   1007	      	Count= 227 	200		
18	QLever		     74	      	Count= 10 	200		
19	QLever		     68	      	Count= 3 	200		
20	QLever		     52	      	Result=Q297853 	200		
21	QLever		     48	      	Count= 1043 	200		
22	QLever		     13	      	Count= 63 	200		
23	QLever		     20	      	Count= 18 	200		
24	QLever		   3069	      	Count= 148 	200		
25	QLever		    360	      	Count= 13170 	200		
26	QLever		   8276	      	Count= 28 	200		
27	QLever		  10283	      	Count= 14949 	200		
28	QLever		    192	      	Count= 198 	200		
29	QLever		   2739	      	Count= 992 	200		
30	QLever		    152	      	Count= 3 	200		
31	QLever		   1314	      	Count= 300 	200		
32	QLever		    827	      	Count= 0 	200		
33	QLever		  34267	      	Count= 300 	200		
34	QLever		  14114	      	Count= 40989 	200		
35	QLever		   8897	      	Count= 100 	200		
36	QLever		  10451	      	Count= 1379 	200		
37	QLever		    573	      	Count= 99 	200		
38	QLever		   2223	      	Count= 2131 	200		
39	QLever		    555	      	Count= 0 	200		
40	QLever		    140	      	Count= 52 	200		
41	QLever		   2462	      	Count= 100 	200		
42	QLever		     10	      	Count= 0 	200		
43	QLever		    492	      	Count= 1026 	200		
44	QLever		   6833	      	Count= 456 	200		
45	QLever		   6649	      	Count= 479 	200		
46	QLever		    201	      	Count= 61 	200		
47	QLever		     40	      	Result=Q6731158 	200		
48	QLever		  12987	      	Count= 4075 	200		
49	QLever		    167	      	Count= 339 	200		
50	QLever		     75	      	Count= 0 	200		
51	QLever		   1835	      	Count= 49513 	200		
52	QLever		   2541	      	Count= 227900 	200		
53	QLever		   7415	      	Count= 50 	200		
54	QLever		      7	      	Count= 14 	200		
55	QLever		     14	      	Count= 61 	200		
56	QLever		    311	      	Count= 21688 	200		
57	QLever		 983827	      	Count= 2902742 	200		
58	QLever		    626	      	Count= 194 	200		
59	QLever		   7683	      	Count= 301 	200		
60	QLever		   2955	      	Count= 27 	200		
61	QLever		    288	      	Count= 100 	200		
62	QLever		     73	      	Count= 217 	200		
63	QLever		    154	      	Count= 229 	200		
64	QLever		   4940	      	Count= 29971 	200		
65	QLever		   3392	      	Count= 411127 	200		
66	QLever		    295	      	Count= 100 	200		
67	QLever		   3353	      	Count= 99665 	200		
68	QLever		   4125	      	Count= 100 	200		
69	QLever		     60	      	Count= 133 	200		
70	QLever		   4202	      	Count= 19 	200		
71	QLever		     60	      	Count= 12 	200		
72	QLever		     52	      	Count= 55 	200		
73	QLever		     27	      	Count= 43 	200		
74	QLever		     49	      	Count= 63 	200		
75	QLever		    115	      	Count= 100 	200		
76	QLever		     52	      	Count= 11 	200		
77	QLever		   1723	      	Count= 1814 	200		
78	QLever		   1835	      	Count= 50 	200		
79	QLever		   1587	      	Count= 2848 	200		
80	QLever		    440	      	Count= 93 	200		
81	QLever		   1663	      	Count= 10 	200		
82	QLever		   1583	      	Count= 87 	200		
83	QLever		   2140	      	Count= 46 	200		
84	QLever		     84	      	Count= 2592 	200		
85	QLever		     16	      	Count= 2592 	200		
86	QLever		   2650	      	Count= 64 	200		
87	QLever		    189	      	Count= 29 	200		
88	QLever		     69	      	Count= 48 	200		
89	QLever		  11279	      	Count= 95109 	200		
90	QLever		      6	      	Count= 47 	200		
91	QLever		    858	      	Count= 39997 	200		
92	QLever		   1265	      	Count= 343 	200		
93	QLever		    259	      	Count= 124 	200		
94	QLever		   2238	      	Count= 74 	200		
95	QLever		    969	      	Count= 50 	200		
96	QLever		   6175	      	Count= 159 	200		
97	QLever		  30327	      	Count= 43094 	200		
98	QLever		   4101	      	Count= 4980 	200		
99	QLever		   2082	      	Count= 15247 	200		
100	QLever		    606	      	Count= 7 	200		
101	QLever		   3616	      	Count= 10 	200		
102	QLever		    185	      	Count= 12 	200		
103	QLever		    730	      	Count= 3352 	200		
104	QLever		  11915	      	Count= 100 	200		
105	QLever		    414	      	Count= 10 	200		
106	QLever		     37	      	Count= 55 	200		
107	QLever		   1006	      	Count= 909 	200		
108	QLever		     71	      	Count= 2 	200		
109	QLever		     14	      	Count= 2 	200		
110	QLever		    111	      	Count= 13 	200		
111	QLever		    191	      	Count= 0 	200		
112	QLever		    155	      	Count= 2 	200		
113	QLever		   3531	      	Count= 54710 	200		
114	QLever		     88	      	Count= 202 	200		
115	QLever		   5154	      	Count= 106 	200		
116	QLever		    362	      	Count= 12957 	200		
117	QLever		    139	      	Count= 183 	200		
118	QLever		    255	      	Result=right 	200		
119	QLever		    333	      	Count= 725 	200		
120	QLever		   1607	      	Count= 100 	200		
121	QLever		    752	      	Count= 12159 	200		
122	QLever		     70	      	Count= 0 	200		
123	QLever		   4589	      	Count= 10854 	200		
124	QLever		     68	      	Count= 1252 	200		
125	QLever		     23	      	Result=4936 	200		
126	QLever		   3094	      	Count= 0 	200		
127	QLever		     50	      	Count= 55 	200		
128	QLever		     24	      	Count= 9 	200		
129	QLever		     67	      	Count= 11 	200		
130	QLever		   4449	      	Count= 1351 	200		
131	QLever		    153	      	Count= 6 	200		
132	QLever		    938	      	Count= 25095 	200		
134	QLever		    199	      	Count= 718 	200		
135	QLever		    123	      	Count= 0 	200		
136	QLever		    225	      	Result=Q102743279 	200		
137	QLever		    905	      	Count= 7480 	200		
138	QLever		   1923	      	Count= 4 	200		
139	QLever		   1357	      	Count= 0 	200		
140	QLever		    431	      	Count= 114 	200		
141	QLever		    360	      	Count= 4750 	200		
142	QLever		   2315	      	Count= 12563 	200		
143	QLever		   1495	      	Count= 2706 	200		
144	QLever		 494038	      	Count= 10000000 	200		
145	QLever		    167	      	Count= 10 	200		
146	QLever		     49	      	Count= 2 	200		
147	QLever		    487	      	Count= 15075 	200		
148	QLever		    146	      	Count= 127 	200		
149	QLever		  13607	      	Count= 10 	200		
150	QLever		   9973	      	Count= 100 	200		
151	QLever		    379	      	Count= 2 	200		
152	QLever		     27	      	Result=Q4992154 	200		
153	QLever		   4476	      	Count= 719 	200		
154	QLever		    256	      	Count= 1448 	200		
155	QLever		    251	      	Count= 24 	200		
156	QLever		    225	      	Count= 86 	200		
157	QLever		    155	      	Count= 118 	200		
158	QLever		     39	      	Count= 2 	200		
159	QLever		 496464	      	Result=Q107184 	200		
160	QLever		   9181	      	Count= 943994 	200		
161	QLever		   1926	      	Count= 5736 	200		
162	QLever		    462	      	Count= 2818 	200		
163	QLever		    342	      	Count= 215 	200		
164	QLever		    730	      	Result=Q91195263 	200		
165	QLever		   1598	      	Count= 0 	200		
167	QLever		    946	      	Count= 20 	200		
168	QLever		   5176	      	Count= 60 	200		
169	QLever		    216	      	Count= 88 	200		
170	QLever		   1400	      	Count= 796 	200		
171	QLever		    211	      	Count= 367 	200		
172	QLever		   2890	      	Count= 10 	200		
173	QLever		    776	      	Count= 3015 	200		
174	QLever		  23757	      	Count= 3616 	200		
175	QLever		   2477	      	Count= 51764 	200		
176	QLever		     13	      	Count= 0 	200		
177	QLever		  12056	      	Count= 3937 	200		
178	QLever		     49	      	Count= 4 	200		
179	QLever		  59660	      	Count= 215662 	200		
180	QLever		 624149	      	None 	429	ERROR: Operation timed out. Last operation: Sort (internal order) on ?author1	
181	QLever		   1563	      	Count= 12 	200		
182	QLever		1182191	      	Count= 14497416 	200		
183	QLever		  97661	      	Result=75935808 	200		
184	QLever		    402	      	Count= 64 	200		
185	QLever		    174	      	Count= 198 	200		
186	QLever		    158	      	Count= 106 	200		
187	QLever		  30765	      	Count= 200 	200		
188	QLever		    825	      	Count= 262 	200		
189	QLever		     26	      	Count= 28 	200		
190	QLever		    512	      	Count= 100 	200		
191	QLever		    979	      	Count= 2063 	200		
192	QLever		     44	      	Count= 113 	200		
193	QLever		   4635	      	Count= 88 	200		
194	QLever		    875	      	Count= 1340 	200		
195	QLever		   3048	      	Count= 10 	200		
196	QLever		    194	      	Count= 54 	200		
197	QLever		     82	      	Count= 41 	200		
198	QLever		    446	      	Count= 24 	200		
199	QLever		   1078	      	Count= 2138 	200		
200	QLever		    416	      	Count= 305 	200		
201	QLever		    124	      	Count= 11 	200		
202	QLever		   3225	      	Count= 154 	200		
203	QLever		    603	      	Count= 2942 	200		
204	QLever		    166	      	Count= 1416 	200		
205	QLever		    285	      	Count= 1649 	200		
206	QLever		   1555	      	Count= 50 	200		
207	QLever		 159375	      	Count= 623 	200		
208	QLever		    285	      	Count= 916 	200		
209	QLever		     50	      	Count= 0 	200		
210	QLever		 600505	      	None 	429	ERROR: Operation timed out. Last operation: Sort (internal order) on ?_QLever_internal_variable_qp_0	
211	QLever		     53	      	Count= 32 	200		
212	QLever		    446	      	Count= 0 	200		
213	QLever		    326	      	Count= 16 	200		
214	QLever		     45	      	Count= 0 	200		
215	QLever		   1930	      	Count= 18 	200		
216	QLever		   1118	      	Count= 33060 	200		
217	QLever		    614	      	Count= 8 	200		
218	QLever		    601	      	Count= 162 	200		
219	QLever		   8655	      	Count= 40 	200		
220	QLever		   1621	      	Count= 87 	200		
221	QLever		    360	      	Count= 62 	200		
222	QLever		    475	      	Count= 1147 	200		
223	QLever		    771	      	Count= 25 	200		
224	QLever		     11	      	Count= 0 	200		
225	QLever		   1043	      	Count= 88 	200		
226	QLever		  12641	      	Count= 823166 	200		
227	QLever		   7200	      	Count= 34924 	200		
228	QLever		    616	      	Count= 2717 	200		
229	QLever		   2916	      	Count= 145739 	200		
230	QLever		   4335	      	Count= 147 	200		
231	QLever		   1470	      	Count= 0 	200		
232	QLever		  15477	      	Count= 486030 	200		
233	QLever		    516	      	Count= 172 	200		
234	QLever		    567	      	Count= 956 	200		
235	QLever		    576	      	Count= 956 	200		
236	QLever		   1165	      	Count= 16610 	200		
237	QLever		    782	      	Count= 23 	200		
238	QLever		    229	      	Count= 3590 	200		
239	QLever		   1615	      	Count= 100 	200		
240	QLever		   1060	      	Count= 627 	200		
241	QLever		   3593	      	Count= 818319 	200		
242	QLever		    379	      	Count= 29802 	200		
243	QLever		     41	      	Count= 19 	200		
244	QLever		    195	      	Count= 0 	200		
245	QLever		     61	      	Count= 42 	200		
246	QLever		     38	      	Count= 48 	200		
247	QLever		   1262	      	Count= 29239 	200		
248	QLever		     51	      	Count= 626 	200		
249	QLever		     18	      	Count= 10 	200		
250	QLever		   3634	      	Result=98321 	200		
251	QLever		    370	      	Count= 339 	200		
252	QLever		    365	      	Count= 313 	200		
253	QLever		   3160	      	Count= 27 	200		
254	QLever		   3009	      	Count= 788 	200		
255	QLever		    608	      	Count= 1921 	200		
256	QLever		   2716	      	Count= 129 	200		
257	QLever		     60	      	Count= 130 	200		
258	QLever		   1337	      	Count= 14289 	200		
259	QLever		   5111	      	Count= 10 	200		
260	QLever		   1983	      	Count= 124017 	200		
261	QLever		    960	      	Count= 348 	200		
262	QLever		   5649	      	Count= 41 	200		
263	QLever		    350	      	Count= 1352 	200		
264	QLever		 139305	      	Count= 100 	200		
265	QLever		  18760	      	Count= 100 	200		
266	QLever		   2621	      	Count= 10 	200		
267	QLever		     85	      	Count= 10 	200		
268	QLever		     55	      	Count= 36 	200		
269	QLever		  42576	      	Count= 1008 	200		
270	QLever		1224019	      	Count= 3447279 	200		
271	QLever		1229603	      	Count= 3523011 	200		
272	QLever		    584	      	Count= 5656 	200		
273	QLever		    391	      	Count= 316 	200		
274	QLever		   3028	      	Count= 500 	200		
275	QLever		      7	      	Count= 0 	200		
276	QLever		   3577	      	Count= 467 	200		
277	QLever		     53	      	Count= 100 	200		
278	QLever		    405	      	Count= 579 	200		
279	QLever		   1329	      	Count= 4113 	200		
280	QLever		    220	      	Result=member of sports team 	200		
281	QLever		     28	      	Count= 46 	200		
282	QLever		     39	      	Count= 484 	200		
283	QLever		     35	      	Count= 27 	200		
284	QLever		  14525	      	Count= 647614 	200		
285	QLever		   3915	      	Count= 21395 	200		
286	QLever		    995	      	Count= 1235 	200		
287	QLever		  39344	      	Count= 5665395 	200		
288	QLever		1382745	      	Count= 3309303 	200		
289	QLever		   2597	      	Count= 40915 	200		
290	QLever		1186490	      	Count= 3138708 	200		
291	QLever		  11395	      	Count= 7523 	200		
292	QLever		  26095	      	Count= 239250 	200		
293	QLever		   3159	      	Count= 1351 	200		
294	QLever		    922	      	Count= 47427 	200		
295	QLever		     34	      	Count= 0 	200		
296	QLever		    549	      	Count= 47427 	200		
297	QLever		 600027	      	None 	429	ERROR: Operation timed out.	
298	QLever		    582	      	Count= 12 	200		
